{
    "common": {
        "appdaemon": "AppDaemon",
        "appdaemon_apps": "AppDaemon Apps",
        "background_task": "Τρέχει μια διεργασία στο παρασκήνιο, η σελίδα θα ανανεωθεί μόλις αυτό ολοκληρωθεί.",
        "installed": "εγκατεστημένο",
        "integration": "Ενσωμάτωση",
        "integrations": "Ενσωματωμένα",
        "plugin": "Πρόσθετο",
        "plugins": "Πρόσθετα",
        "python_script": "Πρόγραμμα Python",
        "python_scripts": "Προγράμματα Python",
        "repositories": "Αποθετήρια",
        "settings": "ρυθμίσεις",
        "theme": "Θέμα",
        "themes": "Θέματα",
        "version": "Έκδοση"
    },
    "config": {
        "abort": {
            "single_instance_allowed": "Μονάχα μία ρύθμιση των παραμέτρων του HACS επιτρέπεται."
        },
        "error": {
            "auth": "Το διακριτικό πρόσβασης δεν είναι σωστό."
        },
        "step": {
            "user": {
                "data": {
                    "appdaemon": "Ενεργοποίηση εύρεσης & παρακολούθησης για το AppDaemon",
                    "python_script": "Ενεργοποίηση εύρεσης & παρακολούθησης για τα python_scripts",
                    "sidepanel_icon": "Εικονίδιο πλαϊνού πάνελ",
                    "sidepanel_title": "Τίτλος πλαϊνού πάνελ",
                    "theme": "Ενεργοποίηση εύρεσης & παρακολούθησης για τα θεμάτων",
                    "token": "Διακριτικό πρόσβασης του GitHub"
                },
                "description": "Εάν χρειαστείτε βοήθεια με τις ρυθμίσεις ανατρέξτε εδώ: https:\/\/hacs.xyz\/docs\/configuration\/start\/",
                "title": "HACS (Home Assistant Community Store)"
            }
        },
        "title": "HACS (Home Assistant Community Store)"
    },
    "confirm": {
        "delete": "Είστε σίγουροι ότι θέλετε να διαγράψετε το \"{item}\";"
    },
    "options": {
        "step": {
            "user": {
                "data": {
                    "country": "Κριτήριο με βάση τον κωδικό χώρας.",
                    "experimental": "Ενεργοποίση πειραματικών λειτουργιών",
                    "release_limit": "Αριθμός εκδόσεων που να παραθέτονται."
                }
            }
        }
    },
    "repository": {
        "authors": "Συγγραφείς",
        "available": "Διαθέσιμο",
        "back_to": "Πίσω στο",
        "changelog": "Σημειώσεις των αλλαγών",
        "flag_this": "Σημείωσε αυτό",
        "hide": "Απόκρυψη",
        "hide_beta": "Απόκριση του beta",
        "install": "Εγκατάσταση",
        "installed": "Εγκατεστημένο",
        "lovelace_copy_example": "Αντίγραψε το παράδειγμα στο πρόχειρο",
        "lovelace_instruction": "Όταν το προσθέσετε στις ρυθμίσεις του lovelace χρησιμοποιήστε τούτο",
        "lovelace_no_js_type": "Δεν καταφέραμε να προσδιορίσουμε τον τύπο αυτού του προσθέτου, ελέξτε το αποθετήριο.",
        "newest": "νεότερο",
        "note_appdaemon": "εξακολουθεί να χρειάζεται να το προσθέσετε στο αρχείο 'apps.yaml'",
        "note_installed": "Όταν εγκατασταθεί, θα προστεθεί στο",
        "note_integration": "εξακολουθεί να χρειάζεται να το προσθέσετε στο αρχείο 'configuration.yaml'",
        "note_plugin": "εξακολουθεί να χρειάζετε να το προσθέσετε στις ρυθμίσεις του lovelace ('ui-lovelace.yaml' ή μέσω του γραφικού επεξεργαστή των ρυθμίσεων)",
        "open_issue": "Εκκρεμόν ζήτημα",
        "open_plugin": "Ανοιχτό πρόσθετο",
        "reinstall": "Επανεγκατάσταση",
        "repository": "Αποθετήριο",
        "show_beta": "Εμφάνιση του beta",
        "uninstall": "Απεγκατάσταση",
        "update_information": "Ενημέρωση πληροφοριών",
        "upgrade": "Ενημέρωση"
    },
    "settings": {
        "add_custom_repository": "ΠΡΟΣΘΕΣΤΕ ΕΝΑ ΕΙΔΙΚΟ ΑΠΟΘΕΤΗΡΙΟ",
        "category": "Κατηγορία",
        "custom_repositories": "ΕΙΔΙΚΑ ΑΠΟΘΕΤΗΡΙΑ",
        "delete": "Διαγραφή",
        "display": "Εμφάνιση",
        "grid": "Πλέγμα",
        "hacs_repo": "Αποθετήριο του HACS",
        "reload_data": "Επαναφόρτωση δεδομένων",
        "save": "Αποθήκευση",
        "table": "Πίνακας",
        "upgrade_all": "Αναβάθμιση όλων"
    },
    "store": {
        "placeholder_search": "Παρακαλώ πληκτρολογήστε έναν όρο προς αναζήτηση..."
    }
}