{
    "common": {
        "appdaemon": "AppDaemon",
        "appdaemon_apps": "Applicazioni AppDaemon",
        "background_task": "Attività in esecuzione, questa pagina sarà ricaricata al termine.",
        "installed": "Installati",
        "integration": "Integrazione",
        "integrations": "Integrazioni",
        "plugin": "Plugin",
        "plugins": "Plugin",
        "python_script": "Script python",
        "python_scripts": "Script python",
        "repositories": "Repository",
        "settings": "Impostazioni",
        "theme": "Tema",
        "themes": "Temi",
        "version": "Versione"
    },
    "config": {
        "abort": {
            "single_instance_allowed": "È consentita una sola configurazione di HACS."
        },
        "error": {
            "auth": "Il token di accesso personale non è corretto."
        },
        "step": {
            "user": {
                "data": {
                    "appdaemon": "Abilita il rilevamento e il monitoraggio delle applicazioni AppDaemon",
                    "python_script": "Abilita il rilevamento e il monitoraggio dei python_scripts",
                    "sidepanel_icon": "Icona nel pannello laterale",
                    "sidepanel_title": "Titolo nel pannello laterale",
                    "theme": "Abilita individuazione e tracciamento dei temi",
                    "token": "Token di accesso personale GitHub"
                },
                "description": "Se hai bisogno di aiuto con la configurazione dai un'occhiata qui: https:\/\/hacs.xyz\/docs\/configuration\/start\/",
                "title": "HACS (Home Assistant Community Store)"
            }
        },
        "title": "HACS (Home Assistant Community Store)"
    },
    "options": {
        "step": {
            "user": {
                "data": {
                    "country": "Filtra con prefisso internazionale.",
                    "experimental": "Abilita funzionalità sperimentali",
                    "release_limit": "Numero di versioni da mostrare."
                }
            }
        }
    },
    "repository": {
        "authors": "Autori",
        "available": "Disponibile",
        "back_to": "Torna a",
        "changelog": "Change log",
        "flag_this": "Spunta questo",
        "hide": "Nascondi",
        "hide_beta": "Nascondi beta",
        "install": "Installa",
        "installed": "Installato",
        "lovelace_copy_example": "Copia l'esempio negli appunti",
        "lovelace_instruction": "Quando lo aggiungi nella configurazione di lovelace, usa questo ",
        "lovelace_no_js_type": "Impossibile determinare il tipo di plugin, verificare il repository.",
        "newest": "Più recente",
        "note_appdaemon": "dovrai aggiungerlo nel file 'apps.yaml'",
        "note_installed": "Una volta installato, si troverà in",
        "note_integration": "dovrai aggiungerlo nel file 'configuration.yaml'",
        "note_plugin": "devi aggiungere la configurazione nel file 'ui-lovelace.yaml' oppure via Editor RAW della UI.",
        "open_issue": "Segnala anomalia",
        "open_plugin": "Apri plugin",
        "reinstall": "Reinstalla",
        "repository": "Repository",
        "show_beta": "Visualizza beta",
        "uninstall": "Rimuovi",
        "update_information": "Aggiorna informazioni",
        "upgrade": "Aggiorna"
    },
    "settings": {
        "add_custom_repository": "AGGIUNGI REPOSITORY PERSONALIZZATA",
        "category": "Categoria",
        "custom_repositories": "REPOSITORY PERSONALIZZATE",
        "delete": "Cancella",
        "display": "Visualizza",
        "grid": "Griglia",
        "hacs_repo": "HACS repo",
        "reload_data": "Ricarica i dati",
        "save": "Salva",
        "table": "Tabella",
        "upgrade_all": "Aggiorna tutto"
    },
    "store": {
        "placeholder_search": "Inserire un termine di ricerca"
    }
}