{
    "common": {
        "appdaemon": "AppDaemon",
        "appdaemon_apps": "Aplikacje AppDaemon",
        "background_task": "Wykonywanie zadania w tle, ta strona zostanie odświeżona, gdy zadanie zostanie ukończone.",
        "installed": "zainstalowane",
        "integration": "Integracja",
        "integrations": "Integracje",
        "plugin": "Wtyczka",
        "plugins": "Wtyczki",
        "python_script": "Skrypt Python",
        "python_scripts": "Skrypty Python",
        "repositories": "Repozytoria",
        "settings": "ustawienia",
        "theme": "Motyw",
        "themes": "Motywy",
        "version": "Wersja"
    },
    "config": {
        "abort": {
            "single_instance_allowed": "Dozwolona jest tylko jedna konfiguracja HACS."
        },
        "error": {
            "auth": "Osobisty token dostępu jest nieprawidłowy."
        },
        "step": {
            "user": {
                "data": {
                    "appdaemon": "Włącz wykrywanie i śledzenie aplikacji AppDaemon",
                    "python_script": "Włącz wykrywanie i śledzenie skryptów Python",
                    "sidepanel_icon": "Ikona w panelu bocznym",
                    "sidepanel_title": "Tytuł w panelu bocznym",
                    "theme": "Włącz wykrywanie i śledzenie motywów",
                    "token": "Osobisty token dostępu GitHub"
                },
                "description": "Jeśli potrzebujesz pomocy w konfiguracji, przejdź na stronę: https:\/\/hacs.xyz\/docs\/configuration\/start\/",
                "title": "HACS (Home Assistant Community Store)"
            }
        },
        "title": "HACS (Home Assistant Community Store)"
    },
    "confirm": {
        "continue": "Na pewno chcesz kontynuować?",
        "delete": "Na pewno chcesz usunąć \"{item}\"?",
        "exsist": "{item} już istnieje",
        "overwrite": "Spowoduje to zastąpienie istniejącej kopii.",
        "uninstall": "Na pewno chcesz odinstalować \"{item}\"?"
    },
    "options": {
        "step": {
            "user": {
                "data": {
                    "country": "Filtruj według kodu kraju",
                    "experimental": "Włącz funkcje eksperymentalne",
                    "release_limit": "Liczba wydań do wyświetlenia"
                }
            }
        }
    },
    "repository_banner": {
        "integration_not_loaded": "Ta integracja nie jest załadowana do Home Assistant'a.",
        "not_loaded": "Nie załadowano",
        "plugin_not_loaded": "Ta wtyczka nie jest dodana do zasobów Lovelace.",
        "restart": "Musisz ponownie uruchomić Home Assistant'a.",
        "restart_pending": "Oczekiwanie na ponowne uruchomienie"
    },
    "repository": {
        "authors": "Autorzy",
        "available": "Wersja dostępna",
        "back_to": "Wstecz",
        "changelog": "Lista zmian",
        "flag_this": "Oflaguj",
        "hide": "Ukryj",
        "hide_beta": "Ukryj wydania beta",
        "install": "Zainstaluj",
        "installed": "Wersja zainstalowana",
        "lovelace_copy_example": "Skopiuj przykład do schowka",
        "lovelace_instruction": "Interfejs użytkownika użyje tej wtyczki po dodaniu konfiguracji",
        "lovelace_no_js_type": "Nie można określić typu tej wtyczki, sprawdź repozytorium.",
        "newest": "najnowsze",
        "note_appdaemon": "musisz jeszcze dodać aplikację do pliku 'apps.yaml'",
        "note_installed": "Po zainstalowaniu dodatek będzie znajdować się w",
        "note_integration": "musisz jeszcze dodać integrację do pliku 'configuration.yaml'",
        "note_plugin": "musisz jeszcze dodać wtyczkę do konfiguracji interfejsu użytkownika (plik 'ui-lovelace.yaml' lub edytor interfejsu użytkownika)",
        "open_issue": "Powiadom o problemie",
        "open_plugin": "Otwórz dodatek",
        "reinstall": "Przeinstaluj",
        "repository": "Repozytorium",
        "show_beta": "Wyświetl wydania beta",
        "uninstall": "Odinstaluj",
        "update_information": "Informacje o aktualizacji",
        "upgrade": "Uaktualnij"
    },
    "settings": {
        "add_custom_repository": "DODAJ REPOZYTORIUM NIESTANDARDOWE",
        "category": "Kategoria",
        "custom_repositories": "REPOZYTORIA NIESTANDARDOWE",
        "delete": "Usuń",
        "display": "Sposób wyświetlania",
        "grid": "kratka",
        "hacs_repo": "Repozytorium HACS",
        "reload_data": "Wczytaj ponownie dane",
        "save": "Zapisz",
        "table": "tabela",
        "upgrade_all": "Uaktualnij wszystkie"
    },
    "store": {
        "clear_new": "Wyczyść wszystkie nowe repozytoria",
        "new_repositories": "Nowe repozytoria",
        "placeholder_search": "Wprowadź wyszukiwane hasło..."
    }
}