{
    "common": {
        "appdaemon": "AppDaemon",
        "appdaemon_apps": "AppDaemon应用",
        "background_task": "后台任务正在运行，完成后将重新加载此页面。",
        "installed": "已安装",
        "integration": "自定义组件",
        "integrations": "自定义组件",
        "plugin": "Lovelace插件",
        "plugins": "Lovelace插件",
        "python_script": "Python脚本",
        "python_scripts": "Python脚本",
        "repositories": "仓库数量",
        "settings": "设置",
        "theme": "主题",
        "themes": "主题",
        "version": "版本"
    },
    "config": {
        "abort": {
            "single_instance_allowed": "仅允许单个HACS配置。"
        },
        "error": {
            "auth": "个人访问令牌不正确。"
        },
        "step": {
            "user": {
                "data": {
                    "appdaemon": "启用AppDaemon应用发现和跟踪",
                    "python_script": "启用python_scripts发现和跟踪",
                    "sidepanel_icon": "侧面板图标",
                    "sidepanel_title": "侧面板标题",
                    "theme": "启用主题发现和跟踪",
                    "token": "GitHub个人访问令牌"
                },
                "description": "如果您需要有关配置的帮助，请在此处查看：https:\/\/hacs.xyz\/docs\/configuration\/start\/",
                "title": "HACS (Home Assistant Community Store)"
            }
        },
        "title": "HACS (Home Assistant Community Store)"
    },
    "confirm": {
        "delete": "是否确实要删除\"{item}\"？"
    },
    "options": {
        "step": {
            "user": {
                "data": {
                    "country": "用国家代码过滤。",
                    "experimental": "启用实验功能",
                    "release_limit": "要显示的发行数量。"
                }
            }
        }
    },
    "repository": {
        "authors": "作者",
        "available": "版本号",
        "back_to": "返回",
        "changelog": "更新日志",
        "flag_this": "标记",
        "hide": "隐藏",
        "hide_beta": "隐藏测试版",
        "install": "安装",
        "installed": "已安装版本",
        "lovelace_copy_example": "复制样例代码到你的剪贴板",
        "lovelace_instruction": "您仍然需要将下列代码添加到lovelace配置中（“ ui-lovelace.yaml”或原始配置编辑器）:",
        "lovelace_no_js_type": "无法确定此插件的类型，请检查仓库。",
        "newest": "最新",
        "note_appdaemon": "您仍然需要将其添加到“ apps.yaml”文件中",
        "note_installed": "安装后，它将位于",
        "note_integration": "您仍然需要将其添加到“ configuration.yaml”文件中",
        "note_plugin": "您仍然需要将其添加到lovelace配置中（“ ui-lovelace.yaml”或原始配置编辑器）ui-lovelace.yaml",
        "open_issue": "提交问题",
        "open_plugin": "打开插件",
        "reinstall": "重新安装",
        "repository": "仓库",
        "show_beta": "显示测试版",
        "uninstall": "卸载",
        "update_information": "更新信息",
        "upgrade": "升级"
    },
    "settings": {
        "add_custom_repository": "添加自定义仓库",
        "category": "类别",
        "custom_repositories": "自定义仓库",
        "delete": "删除",
        "display": "视图方式",
        "grid": "网格",
        "hacs_repo": "HACS仓库",
        "reload_data": "重载数据",
        "save": "保存",
        "table": "列表",
        "upgrade_all": "升级全部"
    },
    "store": {
        "placeholder_search": "搜索项目..."
    }
}